Date,From,Subject
2026-01-05 07:58:00,alerts@github.com,Build failed on main
2026-01-05 08:07:00,alerts@github.com,Build passed after rerun
2026-01-05 08:45:00,calendar@google.com,Daily standup reminder
2026-01-05 09:10:00,ops@company.io,High CPU alert on worker-3
2026-01-05 09:36:00,ops@company.io,Error budget threshold warning
2026-01-05 10:02:00,team@asana.com,Task reassigned: onboarding flow
2026-01-05 10:25:00,team@asana.com,Commented: release checklist
2026-01-05 11:11:00,calendar@google.com,Architecture review at 12:00
2026-01-05 12:22:00,finance@bank.com,Card payment confirmation
2026-01-05 13:47:00,alerts@github.com,Security alert: dependency risk
2026-01-06 08:01:00,calendar@google.com,Daily standup reminder
2026-01-06 08:16:00,ops@company.io,Latency spike detected
2026-01-06 08:54:00,ops@company.io,Latency normalized
2026-01-06 09:17:00,team@asana.com,Sprint board updated
2026-01-06 09:40:00,alerts@github.com,Deployment alert: payments-api
2026-01-06 10:06:00,calendar@google.com,Design sync in 15 mins
2026-01-06 11:33:00,alerts@github.com,Incident channel created
2026-01-06 12:09:00,finance@bank.com,Invoice paid: cloud provider
2026-01-06 14:20:00,team@asana.com,Subtask completed by UI team
2026-01-06 17:12:00,ops@company.io,Nightly backup success
2026-01-07 08:03:00,calendar@google.com,Daily standup reminder
2026-01-07 08:21:00,alerts@github.com,Failed login attempts detected
2026-01-07 09:05:00,ops@company.io,Server memory threshold reached
2026-01-07 09:38:00,alerts@github.com,Rollback initiated
2026-01-07 10:14:00,team@asana.com,Postmortem doc draft ready
2026-01-07 11:29:00,calendar@google.com,Customer call at 11:45
2026-01-07 12:41:00,finance@bank.com,Receipt: SaaS subscription
2026-01-07 13:16:00,newsletter@producthunt.com,Today in product launches
2026-01-07 15:04:00,promo@store.com,Limited-time office gear sale
2026-01-07 18:10:00,ops@company.io,Disk cleanup complete
